{
  "project_info": {
    "project_number": "567195602536",
    "firebase_url": "https://myapplication7-6b4ad.firebaseio.com",
    "project_id": "myapplication7-6b4ad",
    "storage_bucket": "myapplication7-6b4ad.appspot.com"
  },
  "client": [
    {
      "client_info": {
        "mobilesdk_app_id": "1:567195602536:android:6c8df6a7a289a9aa",
        "android_client_info": {
          "package_name": "com.example.android.tabe3ny"
        }
      },
      "oauth_client": [
        {
          "client_id": "567195602536-4eec80et1rs0ok7in97tvup2lgk8obaj.apps.googleusercontent.com",
          "client_type": 1,
          "android_info": {
            "package_name": "com.example.android.tabe3ny",
            "certificate_hash": "cc1d865fc8cf24ba48d441bf89f1c9194e0e4e70"
          }
        },
        {
          "client_id": "567195602536-eak8ii4cnntr50ddh1dd48a336bghurt.apps.googleusercontent.com",
          "client_type": 3
        }
      ],
      "api_key": [
        {
          "current_key": "AIzaSyCwdZdrMlODkBS8llIaNZu9ypquY4SVVvg"
        }
      ],
      "services": {
        "analytics_service": {
          "status": 1
        },
        "appinvite_service": {
          "status": 2,
          "other_platform_oauth_client": [
            {
              "client_id": "567195602536-eak8ii4cnntr50ddh1dd48a336bghurt.apps.googleusercontent.com",
              "client_type": 3
            }
          ]
        },
        "ads_service": {
          "status": 2
        }
      }
    }
  ],
  "configuration_version": "1"
}